Year,m,d,Time,Time zone,Direct solar radiation (W/m2)
2018,7,1,00:00,UTC,-0.6
2018,7,1,00:01,UTC,-0.7
2018,7,1,00:02,UTC,-0.8
2018,7,1,00:03,UTC,-0.5
2018,7,1,00:04,UTC,-0.4
2018,7,1,00:05,UTC,-0.3
2018,7,1,00:06,UTC,-0.3
2018,7,1,00:07,UTC,-0.2
2018,7,1,00:08,UTC,-0.2
2018,7,1,00:09,UTC,-0.5
2018,7,1,00:10,UTC,-0.5
2018,7,1,00:11,UTC,-0.4
2018,7,1,00:12,UTC,-0.5
2018,7,1,00:13,UTC,-0.5
2018,7,1,00:14,UTC,-0.5
2018,7,1,00:15,UTC,-0.4
2018,7,1,00:16,UTC,-0.4
2018,7,1,00:17,UTC,-0.3
2018,7,1,00:18,UTC,-0.4
2018,7,1,00:19,UTC,-0.6
2018,7,1,00:20,UTC,-0.4
2018,7,1,00:21,UTC,-0.5
2018,7,1,00:22,UTC,-0.7
2018,7,1,00:23,UTC,-0.6
2018,7,1,00:24,UTC,-0.6
2018,7,1,00:25,UTC,-0.7
2018,7,1,00:26,UTC,-0.6
2018,7,1,00:27,UTC,-0.8
2018,7,1,00:28,UTC,-0.7
2018,7,1,00:29,UTC,-0.7
2018,7,1,00:30,UTC,-0.8
2018,7,1,00:31,UTC,-0.8
2018,7,1,00:32,UTC,-0.8
2018,7,1,00:33,UTC,-0.7
2018,7,1,00:34,UTC,-0.3
2018,7,1,00:35,UTC,-0.3
2018,7,1,00:36,UTC,-0.3
2018,7,1,00:37,UTC,-0.1
2018,7,1,00:38,UTC,-0.1
2018,7,1,00:39,UTC,0
2018,7,1,00:40,UTC,0
2018,7,1,00:41,UTC,-0.2
2018,7,1,00:42,UTC,-0.1
2018,7,1,00:43,UTC,0.1
2018,7,1,00:44,UTC,0.1
2018,7,1,00:45,UTC,0.1
2018,7,1,00:46,UTC,0
2018,7,1,00:47,UTC,0.1
2018,7,1,00:48,UTC,0.1
2018,7,1,00:49,UTC,-0.1
2018,7,1,00:50,UTC,-0.1
2018,7,1,00:51,UTC,-0.1
2018,7,1,00:52,UTC,-0.1
2018,7,1,00:53,UTC,-0.2
2018,7,1,00:54,UTC,-0.2
2018,7,1,00:55,UTC,-0.1
2018,7,1,00:56,UTC,0
2018,7,1,00:57,UTC,0
2018,7,1,00:58,UTC,0
2018,7,1,00:59,UTC,0
2018,7,1,01:00,UTC,0.1
2018,7,1,01:01,UTC,0.1
2018,7,1,01:02,UTC,0.1
2018,7,1,01:03,UTC,6.2
2018,7,1,01:04,UTC,14.5
2018,7,1,01:05,UTC,20.3
2018,7,1,01:06,UTC,39.3
2018,7,1,01:07,UTC,64.4
2018,7,1,01:08,UTC,78.4
2018,7,1,01:09,UTC,87.8
2018,7,1,01:10,UTC,96.4
2018,7,1,01:11,UTC,102.6
2018,7,1,01:12,UTC,106.7
2018,7,1,01:13,UTC,113.4
2018,7,1,01:14,UTC,107.9
2018,7,1,01:15,UTC,56.3
2018,7,1,01:16,UTC,7.2
2018,7,1,01:17,UTC,8.8
2018,7,1,01:18,UTC,69.1
2018,7,1,01:19,UTC,134.1
2018,7,1,01:20,UTC,150.8
2018,7,1,01:21,UTC,157.2
2018,7,1,01:22,UTC,162.4
2018,7,1,01:23,UTC,166.7
2018,7,1,01:24,UTC,171.3
2018,7,1,01:25,UTC,176.3
2018,7,1,01:26,UTC,181
2018,7,1,01:27,UTC,186.1
2018,7,1,01:28,UTC,192
2018,7,1,01:29,UTC,198
2018,7,1,01:30,UTC,203.5
2018,7,1,01:31,UTC,208.2
2018,7,1,01:32,UTC,212.4
2018,7,1,01:33,UTC,216.2
2018,7,1,01:34,UTC,192.5
2018,7,1,01:35,UTC,162
2018,7,1,01:36,UTC,188.4
2018,7,1,01:37,UTC,230
2018,7,1,01:38,UTC,242
2018,7,1,01:39,UTC,247.6
2018,7,1,01:40,UTC,252.2
2018,7,1,01:41,UTC,257.2
2018,7,1,01:42,UTC,261.9
2018,7,1,01:43,UTC,267
2018,7,1,01:44,UTC,272.1
2018,7,1,01:45,UTC,276.8
2018,7,1,01:46,UTC,281.4
2018,7,1,01:47,UTC,286.6
2018,7,1,01:48,UTC,291.4
2018,7,1,01:49,UTC,296
2018,7,1,01:50,UTC,300.5
2018,7,1,01:51,UTC,306
2018,7,1,01:52,UTC,310.9
2018,7,1,01:53,UTC,315.5
2018,7,1,01:54,UTC,320.9
2018,7,1,01:55,UTC,326
2018,7,1,01:56,UTC,330.6
2018,7,1,01:57,UTC,334.8
2018,7,1,01:58,UTC,339.4
2018,7,1,01:59,UTC,343.7
2018,7,1,02:00,UTC,348.8
2018,7,1,02:01,UTC,354
2018,7,1,02:02,UTC,358.6
2018,7,1,02:03,UTC,363.6
2018,7,1,02:04,UTC,368.1
2018,7,1,02:05,UTC,372.6
2018,7,1,02:06,UTC,377
2018,7,1,02:07,UTC,381.8
2018,7,1,02:08,UTC,386.4
2018,7,1,02:09,UTC,391.1
2018,7,1,02:10,UTC,395.3
2018,7,1,02:11,UTC,400.1
2018,7,1,02:12,UTC,405.2
2018,7,1,02:13,UTC,409.7
2018,7,1,02:14,UTC,414.1
2018,7,1,02:15,UTC,418.4
2018,7,1,02:16,UTC,422.7
2018,7,1,02:17,UTC,427
2018,7,1,02:18,UTC,431.3
2018,7,1,02:19,UTC,435.1
2018,7,1,02:20,UTC,439.3
2018,7,1,02:21,UTC,442.8
2018,7,1,02:22,UTC,446
2018,7,1,02:23,UTC,450.3
2018,7,1,02:24,UTC,454.4
2018,7,1,02:25,UTC,459
2018,7,1,02:26,UTC,462.7
2018,7,1,02:27,UTC,466.6
2018,7,1,02:28,UTC,470.2
2018,7,1,02:29,UTC,474.9
2018,7,1,02:30,UTC,479
2018,7,1,02:31,UTC,482
2018,7,1,02:32,UTC,485
2018,7,1,02:33,UTC,488.2
2018,7,1,02:34,UTC,491.5
2018,7,1,02:35,UTC,495.3
2018,7,1,02:36,UTC,498.9
2018,7,1,02:37,UTC,502.4
2018,7,1,02:38,UTC,505.8
2018,7,1,02:39,UTC,509.4
2018,7,1,02:40,UTC,513.2
2018,7,1,02:41,UTC,517
2018,7,1,02:42,UTC,521.1
2018,7,1,02:43,UTC,524.7
2018,7,1,02:44,UTC,527.6
2018,7,1,02:45,UTC,529.3
2018,7,1,02:46,UTC,532.6
2018,7,1,02:47,UTC,535.9
2018,7,1,02:48,UTC,539.5
2018,7,1,02:49,UTC,543.3
2018,7,1,02:50,UTC,546.4
2018,7,1,02:51,UTC,549.7
2018,7,1,02:52,UTC,552.5
2018,7,1,02:53,UTC,555.1
2018,7,1,02:54,UTC,558.6
2018,7,1,02:55,UTC,561.2
2018,7,1,02:56,UTC,564.3
2018,7,1,02:57,UTC,567.4
2018,7,1,02:58,UTC,570.4
2018,7,1,02:59,UTC,573.3
2018,7,1,03:00,UTC,576.5
2018,7,1,03:01,UTC,579.1
2018,7,1,03:02,UTC,582.1
2018,7,1,03:03,UTC,584.5
2018,7,1,03:04,UTC,587.5
2018,7,1,03:05,UTC,590.8
2018,7,1,03:06,UTC,593.9
2018,7,1,03:07,UTC,596.9
2018,7,1,03:08,UTC,599.8
2018,7,1,03:09,UTC,602.2
2018,7,1,03:10,UTC,604.6
2018,7,1,03:11,UTC,607.2
2018,7,1,03:12,UTC,609.6
2018,7,1,03:13,UTC,612.1
2018,7,1,03:14,UTC,615.6
2018,7,1,03:15,UTC,617.1
2018,7,1,03:16,UTC,619.2
2018,7,1,03:17,UTC,622.2
2018,7,1,03:18,UTC,624.7
2018,7,1,03:19,UTC,627
2018,7,1,03:20,UTC,630
2018,7,1,03:21,UTC,632.5
2018,7,1,03:22,UTC,634.7
2018,7,1,03:23,UTC,637.1
2018,7,1,03:24,UTC,639.3
2018,7,1,03:25,UTC,641.6
2018,7,1,03:26,UTC,643.7
2018,7,1,03:27,UTC,646.1
2018,7,1,03:28,UTC,648.7
2018,7,1,03:29,UTC,651.6
2018,7,1,03:30,UTC,654.2
2018,7,1,03:31,UTC,656.2
2018,7,1,03:32,UTC,657.7
2018,7,1,03:33,UTC,659.7
2018,7,1,03:34,UTC,662.9
2018,7,1,03:35,UTC,663.9
2018,7,1,03:36,UTC,666
2018,7,1,03:37,UTC,667.9
2018,7,1,03:38,UTC,670.1
2018,7,1,03:39,UTC,672.4
2018,7,1,03:40,UTC,673.9
2018,7,1,03:41,UTC,676.1
2018,7,1,03:42,UTC,678.3
2018,7,1,03:43,UTC,679.6
2018,7,1,03:44,UTC,682.7
2018,7,1,03:45,UTC,685.6
2018,7,1,03:46,UTC,688.1
2018,7,1,03:47,UTC,689.9
2018,7,1,03:48,UTC,690.7
2018,7,1,03:49,UTC,693.1
2018,7,1,03:50,UTC,695.5
2018,7,1,03:51,UTC,697.3
2018,7,1,03:52,UTC,698.1
2018,7,1,03:53,UTC,700.2
2018,7,1,03:54,UTC,703.1
2018,7,1,03:55,UTC,704.3
2018,7,1,03:56,UTC,706.2
2018,7,1,03:57,UTC,707.8
2018,7,1,03:58,UTC,710.7
2018,7,1,03:59,UTC,712.7
2018,7,1,04:00,UTC,713.7
2018,7,1,04:01,UTC,715
2018,7,1,04:02,UTC,716.5
2018,7,1,04:03,UTC,718.3
2018,7,1,04:04,UTC,719.2
2018,7,1,04:05,UTC,719.1
2018,7,1,04:06,UTC,721.3
2018,7,1,04:07,UTC,722.5
2018,7,1,04:08,UTC,725.3
2018,7,1,04:09,UTC,725.9
2018,7,1,04:10,UTC,727.5
2018,7,1,04:11,UTC,729.4
2018,7,1,04:12,UTC,730.6
2018,7,1,04:13,UTC,733
2018,7,1,04:14,UTC,732.5
2018,7,1,04:15,UTC,734.8
2018,7,1,04:16,UTC,737.2
2018,7,1,04:17,UTC,738.2
2018,7,1,04:18,UTC,740.1
2018,7,1,04:19,UTC,742.5
2018,7,1,04:20,UTC,743.7
2018,7,1,04:21,UTC,744.4
2018,7,1,04:22,UTC,747.4
2018,7,1,04:23,UTC,749.3
2018,7,1,04:24,UTC,750.5
2018,7,1,04:25,UTC,751.3
2018,7,1,04:26,UTC,752
2018,7,1,04:27,UTC,754.1
2018,7,1,04:28,UTC,756.1
2018,7,1,04:29,UTC,758
2018,7,1,04:30,UTC,760.4
2018,7,1,04:31,UTC,763.2
2018,7,1,04:32,UTC,763.9
2018,7,1,04:33,UTC,764.8
2018,7,1,04:34,UTC,767.4
2018,7,1,04:35,UTC,768.5
2018,7,1,04:36,UTC,770.1
2018,7,1,04:37,UTC,771.2
2018,7,1,04:38,UTC,771.4
2018,7,1,04:39,UTC,772.6
2018,7,1,04:40,UTC,772.9
2018,7,1,04:41,UTC,773.8
2018,7,1,04:42,UTC,775.9
2018,7,1,04:43,UTC,777
2018,7,1,04:44,UTC,778.5
2018,7,1,04:45,UTC,780.6
2018,7,1,04:46,UTC,781.1
2018,7,1,04:47,UTC,782.9
2018,7,1,04:48,UTC,784.8
2018,7,1,04:49,UTC,786.1
2018,7,1,04:50,UTC,788.2
2018,7,1,04:51,UTC,789.4
2018,7,1,04:52,UTC,790.5
2018,7,1,04:53,UTC,791.4
2018,7,1,04:54,UTC,793.3
2018,7,1,04:55,UTC,794.7
2018,7,1,04:56,UTC,795.4
2018,7,1,04:57,UTC,795.9
2018,7,1,04:58,UTC,799
2018,7,1,04:59,UTC,799.7
2018,7,1,05:00,UTC,800.2
2018,7,1,05:01,UTC,799.8
2018,7,1,05:02,UTC,799.4
2018,7,1,05:03,UTC,802.5
2018,7,1,05:04,UTC,804.6
2018,7,1,05:05,UTC,806.3
2018,7,1,05:06,UTC,805.8
2018,7,1,05:07,UTC,807.6
2018,7,1,05:08,UTC,808.8
2018,7,1,05:09,UTC,807.7
2018,7,1,05:10,UTC,809.6
2018,7,1,05:11,UTC,811
2018,7,1,05:12,UTC,812.9
2018,7,1,05:13,UTC,814.8
2018,7,1,05:14,UTC,814.4
2018,7,1,05:15,UTC,817.1
2018,7,1,05:16,UTC,817.9
2018,7,1,05:17,UTC,817.5
2018,7,1,05:18,UTC,820.6
2018,7,1,05:19,UTC,820.5
2018,7,1,05:20,UTC,821.3
2018,7,1,05:21,UTC,824.5
2018,7,1,05:22,UTC,825.2
2018,7,1,05:23,UTC,827.1
2018,7,1,05:24,UTC,826.8
2018,7,1,05:25,UTC,827.4
2018,7,1,05:26,UTC,828.5
2018,7,1,05:27,UTC,829.1
2018,7,1,05:28,UTC,830.8
2018,7,1,05:29,UTC,710.1
2018,7,1,05:30,UTC,831.4
2018,7,1,05:31,UTC,834.4
2018,7,1,05:32,UTC,838
2018,7,1,05:33,UTC,836.8
2018,7,1,05:34,UTC,837.5
2018,7,1,05:35,UTC,837.5
2018,7,1,05:36,UTC,838.1
2018,7,1,05:37,UTC,837.9
2018,7,1,05:38,UTC,839
2018,7,1,05:39,UTC,839.3
2018,7,1,05:40,UTC,842.3
2018,7,1,05:41,UTC,840.9
2018,7,1,05:42,UTC,840.9
2018,7,1,05:43,UTC,844.2
2018,7,1,05:44,UTC,842.1
2018,7,1,05:45,UTC,842.9
2018,7,1,05:46,UTC,845.1
2018,7,1,05:47,UTC,848.7
2018,7,1,05:48,UTC,846.1
2018,7,1,05:49,UTC,848
2018,7,1,05:50,UTC,848.2
2018,7,1,05:51,UTC,847.9
2018,7,1,05:52,UTC,847.1
2018,7,1,05:53,UTC,849.8
2018,7,1,05:54,UTC,850.1
2018,7,1,05:55,UTC,852.2
2018,7,1,05:56,UTC,853.3
2018,7,1,05:57,UTC,854.2
2018,7,1,05:58,UTC,857.5
2018,7,1,05:59,UTC,859.4
2018,7,1,06:00,UTC,859.5
2018,7,1,06:01,UTC,861.3
2018,7,1,06:02,UTC,860.2
2018,7,1,06:03,UTC,859.5
2018,7,1,06:04,UTC,478.7
2018,7,1,06:05,UTC,781.1
2018,7,1,06:06,UTC,862.4
2018,7,1,06:07,UTC,862.7
2018,7,1,06:08,UTC,864.1
2018,7,1,06:09,UTC,862.9
2018,7,1,06:10,UTC,863.3
2018,7,1,06:11,UTC,866.7
2018,7,1,06:12,UTC,867
2018,7,1,06:13,UTC,867.4
2018,7,1,06:14,UTC,867.2
2018,7,1,06:15,UTC,868.2
2018,7,1,06:16,UTC,870.8
2018,7,1,06:17,UTC,870.7
2018,7,1,06:18,UTC,871
2018,7,1,06:19,UTC,871.2
2018,7,1,06:20,UTC,870.8
2018,7,1,06:21,UTC,870.7
2018,7,1,06:22,UTC,870.8
2018,7,1,06:23,UTC,869.4
2018,7,1,06:24,UTC,872.2
2018,7,1,06:25,UTC,872.2
2018,7,1,06:26,UTC,873.8
2018,7,1,06:27,UTC,874.7
2018,7,1,06:28,UTC,878
2018,7,1,06:29,UTC,878.4
2018,7,1,06:30,UTC,877.2
2018,7,1,06:31,UTC,878.9
2018,7,1,06:32,UTC,881.2
2018,7,1,06:33,UTC,880.6
2018,7,1,06:34,UTC,882.1
2018,7,1,06:35,UTC,882.1
2018,7,1,06:36,UTC,882.2
2018,7,1,06:37,UTC,881.8
2018,7,1,06:38,UTC,882
2018,7,1,06:39,UTC,882.1
2018,7,1,06:40,UTC,882.7
2018,7,1,06:41,UTC,885
2018,7,1,06:42,UTC,885.4
2018,7,1,06:43,UTC,885.5
2018,7,1,06:44,UTC,886
2018,7,1,06:45,UTC,885.1
2018,7,1,06:46,UTC,884.6
2018,7,1,06:47,UTC,885
2018,7,1,06:48,UTC,886.5
2018,7,1,06:49,UTC,886.5
2018,7,1,06:50,UTC,888.1
2018,7,1,06:51,UTC,888.6
2018,7,1,06:52,UTC,888.2
2018,7,1,06:53,UTC,888.7
2018,7,1,06:54,UTC,887.9
2018,7,1,06:55,UTC,889.3
2018,7,1,06:56,UTC,890.4
2018,7,1,06:57,UTC,891.5
2018,7,1,06:58,UTC,893.4
2018,7,1,06:59,UTC,891.6
2018,7,1,07:00,UTC,893.7
2018,7,1,07:01,UTC,895
2018,7,1,07:02,UTC,895.3
2018,7,1,07:03,UTC,894.2
2018,7,1,07:04,UTC,894.1
2018,7,1,07:05,UTC,895
2018,7,1,07:06,UTC,897.1
2018,7,1,07:07,UTC,898
2018,7,1,07:08,UTC,897.8
2018,7,1,07:09,UTC,898.4
2018,7,1,07:10,UTC,900.3
2018,7,1,07:11,UTC,902.4
2018,7,1,07:12,UTC,902.9
2018,7,1,07:13,UTC,902.4
2018,7,1,07:14,UTC,902.7
2018,7,1,07:15,UTC,902.1
2018,7,1,07:16,UTC,903
2018,7,1,07:17,UTC,904.2
2018,7,1,07:18,UTC,901.5
2018,7,1,07:19,UTC,904.6
2018,7,1,07:20,UTC,905.7
2018,7,1,07:21,UTC,905
2018,7,1,07:22,UTC,904
2018,7,1,07:23,UTC,905.3
2018,7,1,07:24,UTC,906.9
2018,7,1,07:25,UTC,905.9
2018,7,1,07:26,UTC,905.6
2018,7,1,07:27,UTC,906.5
2018,7,1,07:28,UTC,908.8
2018,7,1,07:29,UTC,911.2
2018,7,1,07:30,UTC,910.2
2018,7,1,07:31,UTC,912
2018,7,1,07:32,UTC,909.9
2018,7,1,07:33,UTC,909.3
2018,7,1,07:34,UTC,910.3
2018,7,1,07:35,UTC,910.2
2018,7,1,07:36,UTC,909.2
2018,7,1,07:37,UTC,910.3
2018,7,1,07:38,UTC,910.4
2018,7,1,07:39,UTC,910.9
2018,7,1,07:40,UTC,910.1
2018,7,1,07:41,UTC,911.3
2018,7,1,07:42,UTC,911.8
2018,7,1,07:43,UTC,912.7
2018,7,1,07:44,UTC,913.2
2018,7,1,07:45,UTC,911.3
2018,7,1,07:46,UTC,912.5
2018,7,1,07:47,UTC,911.1
2018,7,1,07:48,UTC,913.5
2018,7,1,07:49,UTC,913.1
2018,7,1,07:50,UTC,914.3
2018,7,1,07:51,UTC,914.2
2018,7,1,07:52,UTC,912.4
2018,7,1,07:53,UTC,912.8
2018,7,1,07:54,UTC,914.7
2018,7,1,07:55,UTC,913.8
2018,7,1,07:56,UTC,914.6
2018,7,1,07:57,UTC,916.7
2018,7,1,07:58,UTC,917.3
2018,7,1,07:59,UTC,918.5
2018,7,1,08:00,UTC,918.2
2018,7,1,08:01,UTC,918.2
2018,7,1,08:02,UTC,917.4
2018,7,1,08:03,UTC,918.7
2018,7,1,08:04,UTC,919
2018,7,1,08:05,UTC,918.7
2018,7,1,08:06,UTC,921.3
2018,7,1,08:07,UTC,920.8
2018,7,1,08:08,UTC,919.7
2018,7,1,08:09,UTC,918.9
2018,7,1,08:10,UTC,917.6
2018,7,1,08:11,UTC,921.1
2018,7,1,08:12,UTC,924.9
2018,7,1,08:13,UTC,923.6
2018,7,1,08:14,UTC,925.1
2018,7,1,08:15,UTC,924
2018,7,1,08:16,UTC,924.9
2018,7,1,08:17,UTC,925.2
2018,7,1,08:18,UTC,924.4
2018,7,1,08:19,UTC,921.7
2018,7,1,08:20,UTC,922
2018,7,1,08:21,UTC,921.2
2018,7,1,08:22,UTC,920.7
2018,7,1,08:23,UTC,922.6
2018,7,1,08:24,UTC,873.4
2018,7,1,08:25,UTC,894
2018,7,1,08:26,UTC,918.7
2018,7,1,08:27,UTC,920.3
2018,7,1,08:28,UTC,921.2
2018,7,1,08:29,UTC,921.8
2018,7,1,08:30,UTC,921
2018,7,1,08:31,UTC,922.7
2018,7,1,08:32,UTC,922.5
2018,7,1,08:33,UTC,923.2
2018,7,1,08:34,UTC,923.4
2018,7,1,08:35,UTC,923.7
2018,7,1,08:36,UTC,923.5
2018,7,1,08:37,UTC,923.9
2018,7,1,08:38,UTC,920.6
2018,7,1,08:39,UTC,921.9
2018,7,1,08:40,UTC,923.3
2018,7,1,08:41,UTC,924.8
2018,7,1,08:42,UTC,925.3
2018,7,1,08:43,UTC,925.4
2018,7,1,08:44,UTC,928
2018,7,1,08:45,UTC,928.8
2018,7,1,08:46,UTC,928.6
2018,7,1,08:47,UTC,927.7
2018,7,1,08:48,UTC,929.9
2018,7,1,08:49,UTC,930.1
2018,7,1,08:50,UTC,906.9
2018,7,1,08:51,UTC,897.1
2018,7,1,08:52,UTC,663.8
2018,7,1,08:53,UTC,273.4
2018,7,1,08:54,UTC,135
2018,7,1,08:55,UTC,154.2
2018,7,1,08:56,UTC,276.6
2018,7,1,08:57,UTC,659.1
2018,7,1,08:58,UTC,546.5
2018,7,1,08:59,UTC,519.3
2018,7,1,09:00,UTC,635.5
2018,7,1,09:01,UTC,693.9
2018,7,1,09:02,UTC,661.1
2018,7,1,09:03,UTC,921.4
2018,7,1,09:04,UTC,925.3
2018,7,1,09:05,UTC,807.9
2018,7,1,09:06,UTC,317.4
2018,7,1,09:07,UTC,212.9
2018,7,1,09:08,UTC,297.8
2018,7,1,09:09,UTC,457.3
2018,7,1,09:10,UTC,500.2
2018,7,1,09:11,UTC,670.9
2018,7,1,09:12,UTC,928.5
2018,7,1,09:13,UTC,929.4
2018,7,1,09:14,UTC,930.2
2018,7,1,09:15,UTC,930.4
2018,7,1,09:16,UTC,931.3
2018,7,1,09:17,UTC,931.4
2018,7,1,09:18,UTC,932.2
2018,7,1,09:19,UTC,933.5
2018,7,1,09:20,UTC,932.5
2018,7,1,09:21,UTC,931.2
2018,7,1,09:22,UTC,932.4
2018,7,1,09:23,UTC,934.4
2018,7,1,09:24,UTC,934.5
2018,7,1,09:25,UTC,933.2
2018,7,1,09:26,UTC,934.7
2018,7,1,09:27,UTC,935.2
2018,7,1,09:28,UTC,934.9
2018,7,1,09:29,UTC,935.1
2018,7,1,09:30,UTC,934.7
2018,7,1,09:31,UTC,934
2018,7,1,09:32,UTC,932.3
2018,7,1,09:33,UTC,932.2
2018,7,1,09:34,UTC,931.3
2018,7,1,09:35,UTC,931.9
2018,7,1,09:36,UTC,929.8
2018,7,1,09:37,UTC,930.7
2018,7,1,09:38,UTC,930.9
2018,7,1,09:39,UTC,930.6
2018,7,1,09:40,UTC,930.1
2018,7,1,09:41,UTC,930.8
2018,7,1,09:42,UTC,930.1
2018,7,1,09:43,UTC,929
2018,7,1,09:44,UTC,929
2018,7,1,09:45,UTC,928.7
2018,7,1,09:46,UTC,929.4
2018,7,1,09:47,UTC,930.5
2018,7,1,09:48,UTC,934
2018,7,1,09:49,UTC,935.1
2018,7,1,09:50,UTC,933.4
2018,7,1,09:51,UTC,932.1
2018,7,1,09:52,UTC,928.8
2018,7,1,09:53,UTC,928.6
2018,7,1,09:54,UTC,928.9
2018,7,1,09:55,UTC,930.3
2018,7,1,09:56,UTC,930.3
2018,7,1,09:57,UTC,929.9
2018,7,1,09:58,UTC,929.6
2018,7,1,09:59,UTC,929
2018,7,1,10:00,UTC,928.6
2018,7,1,10:01,UTC,927.2
2018,7,1,10:02,UTC,822.1
2018,7,1,10:03,UTC,645.7
2018,7,1,10:04,UTC,927.9
2018,7,1,10:05,UTC,928.4
2018,7,1,10:06,UTC,927.6
2018,7,1,10:07,UTC,930.6
2018,7,1,10:08,UTC,930.8
2018,7,1,10:09,UTC,933.5
2018,7,1,10:10,UTC,933.6
2018,7,1,10:11,UTC,935.7
2018,7,1,10:12,UTC,932.4
2018,7,1,10:13,UTC,930
2018,7,1,10:14,UTC,929.9
2018,7,1,10:15,UTC,928.4
2018,7,1,10:16,UTC,925.9
2018,7,1,10:17,UTC,926.8
2018,7,1,10:18,UTC,925.4
2018,7,1,10:19,UTC,923.4
2018,7,1,10:20,UTC,735.9
2018,7,1,10:21,UTC,923.7
2018,7,1,10:22,UTC,692.3
2018,7,1,10:23,UTC,554.1
2018,7,1,10:24,UTC,521.4
2018,7,1,10:25,UTC,903.5
2018,7,1,10:26,UTC,923.9
2018,7,1,10:27,UTC,924.6
2018,7,1,10:28,UTC,926.3
2018,7,1,10:29,UTC,929.5
2018,7,1,10:30,UTC,930.8
2018,7,1,10:31,UTC,931.6
2018,7,1,10:32,UTC,930.8
2018,7,1,10:33,UTC,930.7
2018,7,1,10:34,UTC,930.7
2018,7,1,10:35,UTC,928.9
2018,7,1,10:36,UTC,925.9
2018,7,1,10:37,UTC,572.5
2018,7,1,10:38,UTC,746.7
2018,7,1,10:39,UTC,912.1
2018,7,1,10:40,UTC,913.9
2018,7,1,10:41,UTC,927.3
2018,7,1,10:42,UTC,928.4
2018,7,1,10:43,UTC,929.9
2018,7,1,10:44,UTC,930.8
2018,7,1,10:45,UTC,928.9
2018,7,1,10:46,UTC,927
2018,7,1,10:47,UTC,928.2
2018,7,1,10:48,UTC,927.4
2018,7,1,10:49,UTC,926.7
2018,7,1,10:50,UTC,925.2
2018,7,1,10:51,UTC,925.8
2018,7,1,10:52,UTC,924.4
2018,7,1,10:53,UTC,922.9
2018,7,1,10:54,UTC,920.7
2018,7,1,10:55,UTC,920.8
2018,7,1,10:56,UTC,922.2
2018,7,1,10:57,UTC,924.8
2018,7,1,10:58,UTC,924.4
2018,7,1,10:59,UTC,925.2
2018,7,1,11:00,UTC,924.5
2018,7,1,11:01,UTC,924
2018,7,1,11:02,UTC,925.3
2018,7,1,11:03,UTC,925.4
2018,7,1,11:04,UTC,925.2
2018,7,1,11:05,UTC,926.6
2018,7,1,11:06,UTC,928.3
2018,7,1,11:07,UTC,926.4
2018,7,1,11:08,UTC,924.5
2018,7,1,11:09,UTC,922.8
2018,7,1,11:10,UTC,924.6
2018,7,1,11:11,UTC,924.8
2018,7,1,11:12,UTC,924.7
2018,7,1,11:13,UTC,925
2018,7,1,11:14,UTC,924.9
2018,7,1,11:15,UTC,924.3
2018,7,1,11:16,UTC,924.5
2018,7,1,11:17,UTC,923.7
2018,7,1,11:18,UTC,923.9
2018,7,1,11:19,UTC,923.7
2018,7,1,11:20,UTC,923.4
2018,7,1,11:21,UTC,922.5
2018,7,1,11:22,UTC,921.8
2018,7,1,11:23,UTC,925.3
2018,7,1,11:24,UTC,926.3
2018,7,1,11:25,UTC,925.8
2018,7,1,11:26,UTC,924.6
2018,7,1,11:27,UTC,924.7
2018,7,1,11:28,UTC,922.7
2018,7,1,11:29,UTC,918.2
2018,7,1,11:30,UTC,923.9
2018,7,1,11:31,UTC,923.8
2018,7,1,11:32,UTC,922.3
2018,7,1,11:33,UTC,920.6
2018,7,1,11:34,UTC,920.6
2018,7,1,11:35,UTC,919.9
2018,7,1,11:36,UTC,785.7
2018,7,1,11:37,UTC,426.2
2018,7,1,11:38,UTC,693.6
2018,7,1,11:39,UTC,674.9
2018,7,1,11:40,UTC,620
2018,7,1,11:41,UTC,876.7
2018,7,1,11:42,UTC,746.1
2018,7,1,11:43,UTC,121.9
2018,7,1,11:44,UTC,111.7
2018,7,1,11:45,UTC,454.3
2018,7,1,11:46,UTC,917
2018,7,1,11:47,UTC,917.2
2018,7,1,11:48,UTC,810.8
2018,7,1,11:49,UTC,747.3
2018,7,1,11:50,UTC,755.2
2018,7,1,11:51,UTC,854.5
2018,7,1,11:52,UTC,901.9
2018,7,1,11:53,UTC,915.9
2018,7,1,11:54,UTC,916.4
2018,7,1,11:55,UTC,917.8
2018,7,1,11:56,UTC,668.2
2018,7,1,11:57,UTC,403.4
2018,7,1,11:58,UTC,335.4
2018,7,1,11:59,UTC,921.8
2018,7,1,12:00,UTC,919
2018,7,1,12:01,UTC,915.6
2018,7,1,12:02,UTC,912.8
2018,7,1,12:03,UTC,914
2018,7,1,12:04,UTC,915.6
2018,7,1,12:05,UTC,916.6
2018,7,1,12:06,UTC,917
2018,7,1,12:07,UTC,916.5
2018,7,1,12:08,UTC,913.8
2018,7,1,12:09,UTC,912.6
2018,7,1,12:10,UTC,911.9
2018,7,1,12:11,UTC,911.8
2018,7,1,12:12,UTC,912.8
2018,7,1,12:13,UTC,911.1
2018,7,1,12:14,UTC,911.1
2018,7,1,12:15,UTC,910.1
2018,7,1,12:16,UTC,908.1
2018,7,1,12:17,UTC,803.6
2018,7,1,12:18,UTC,768.6
2018,7,1,12:19,UTC,837.1
2018,7,1,12:20,UTC,825.7
2018,7,1,12:21,UTC,821.7
2018,7,1,12:22,UTC,907.1
2018,7,1,12:23,UTC,452
2018,7,1,12:24,UTC,141.3
2018,7,1,12:25,UTC,143.6
2018,7,1,12:26,UTC,64.2
2018,7,1,12:27,UTC,16.9
2018,7,1,12:28,UTC,132.1
2018,7,1,12:29,UTC,758.9
2018,7,1,12:30,UTC,903.4
2018,7,1,12:31,UTC,903.6
2018,7,1,12:32,UTC,903.9
2018,7,1,12:33,UTC,904
2018,7,1,12:34,UTC,903.9
2018,7,1,12:35,UTC,906
2018,7,1,12:36,UTC,904.6
2018,7,1,12:37,UTC,904.2
2018,7,1,12:38,UTC,903.2
2018,7,1,12:39,UTC,902.8
2018,7,1,12:40,UTC,900.4
2018,7,1,12:41,UTC,902.8
2018,7,1,12:42,UTC,902.4
2018,7,1,12:43,UTC,902.7
2018,7,1,12:44,UTC,901.5
2018,7,1,12:45,UTC,899.4
2018,7,1,12:46,UTC,900.8
2018,7,1,12:47,UTC,901.5
2018,7,1,12:48,UTC,902.8
2018,7,1,12:49,UTC,904.3
2018,7,1,12:50,UTC,903.1
2018,7,1,12:51,UTC,900.5
2018,7,1,12:52,UTC,900.5
2018,7,1,12:53,UTC,899.6
2018,7,1,12:54,UTC,900.1
2018,7,1,12:55,UTC,900.2
2018,7,1,12:56,UTC,900.5
2018,7,1,12:57,UTC,899.8
2018,7,1,12:58,UTC,901
2018,7,1,12:59,UTC,899
2018,7,1,13:00,UTC,898.8
2018,7,1,13:01,UTC,897.9
2018,7,1,13:02,UTC,896
2018,7,1,13:03,UTC,894.1
2018,7,1,13:04,UTC,896.4
2018,7,1,13:05,UTC,896.3
2018,7,1,13:06,UTC,895.3
2018,7,1,13:07,UTC,897.4
2018,7,1,13:08,UTC,899.2
2018,7,1,13:09,UTC,897.4
2018,7,1,13:10,UTC,896.5
2018,7,1,13:11,UTC,895.8
2018,7,1,13:12,UTC,895.6
2018,7,1,13:13,UTC,891.9
2018,7,1,13:14,UTC,889.6
2018,7,1,13:15,UTC,889.7
2018,7,1,13:16,UTC,887.4
2018,7,1,13:17,UTC,870
2018,7,1,13:18,UTC,779.8
2018,7,1,13:19,UTC,695
2018,7,1,13:20,UTC,887.5
2018,7,1,13:21,UTC,886.6
2018,7,1,13:22,UTC,859.3
2018,7,1,13:23,UTC,365.3
2018,7,1,13:24,UTC,62.4
2018,7,1,13:25,UTC,13.3
2018,7,1,13:26,UTC,306.5
2018,7,1,13:27,UTC,793.5
2018,7,1,13:28,UTC,807.2
2018,7,1,13:29,UTC,665.3
2018,7,1,13:30,UTC,873.4
2018,7,1,13:31,UTC,881.1
2018,7,1,13:32,UTC,882.5
2018,7,1,13:33,UTC,882.3
2018,7,1,13:34,UTC,883.8
2018,7,1,13:35,UTC,880.3
2018,7,1,13:36,UTC,879.2
2018,7,1,13:37,UTC,879.2
2018,7,1,13:38,UTC,879.5
2018,7,1,13:39,UTC,878.3
2018,7,1,13:40,UTC,864.8
2018,7,1,13:41,UTC,769.9
2018,7,1,13:42,UTC,671.7
2018,7,1,13:43,UTC,700.6
2018,7,1,13:44,UTC,626.4
2018,7,1,13:45,UTC,589
2018,7,1,13:46,UTC,738.5
2018,7,1,13:47,UTC,764.2
2018,7,1,13:48,UTC,593.6
2018,7,1,13:49,UTC,665.8
2018,7,1,13:50,UTC,747.2
2018,7,1,13:51,UTC,803.3
2018,7,1,13:52,UTC,820.8
2018,7,1,13:53,UTC,851.9
2018,7,1,13:54,UTC,851.9
2018,7,1,13:55,UTC,861.6
2018,7,1,13:56,UTC,857.3
2018,7,1,13:57,UTC,856.4
2018,7,1,13:58,UTC,863.3
2018,7,1,13:59,UTC,856
2018,7,1,14:00,UTC,857.4
2018,7,1,14:01,UTC,856.8
2018,7,1,14:02,UTC,858.6
2018,7,1,14:03,UTC,857.9
2018,7,1,14:04,UTC,853
2018,7,1,14:05,UTC,857.3
2018,7,1,14:06,UTC,855.1
2018,7,1,14:07,UTC,849.7
2018,7,1,14:08,UTC,857.7
2018,7,1,14:09,UTC,855.6
2018,7,1,14:10,UTC,828.1
2018,7,1,14:11,UTC,757.6
2018,7,1,14:12,UTC,867
2018,7,1,14:13,UTC,854.7
2018,7,1,14:14,UTC,813.9
2018,7,1,14:15,UTC,786.9
2018,7,1,14:16,UTC,583.6
2018,7,1,14:17,UTC,487.7
2018,7,1,14:18,UTC,398.5
2018,7,1,14:19,UTC,487.1
2018,7,1,14:20,UTC,334.7
2018,7,1,14:21,UTC,330.3
2018,7,1,14:22,UTC,317.1
2018,7,1,14:23,UTC,325
2018,7,1,14:24,UTC,295.8
2018,7,1,14:25,UTC,238.1
2018,7,1,14:26,UTC,287.8
2018,7,1,14:27,UTC,464.2
2018,7,1,14:28,UTC,392.5
2018,7,1,14:29,UTC,193
2018,7,1,14:30,UTC,146.9
2018,7,1,14:31,UTC,111.4
2018,7,1,14:32,UTC,125.1
2018,7,1,14:33,UTC,189.1
2018,7,1,14:34,UTC,333.4
2018,7,1,14:35,UTC,231.5
2018,7,1,14:36,UTC,95.7
2018,7,1,14:37,UTC,58.9
2018,7,1,14:38,UTC,66.8
2018,7,1,14:39,UTC,93.1
2018,7,1,14:40,UTC,162
2018,7,1,14:41,UTC,205.7
2018,7,1,14:42,UTC,236.6
2018,7,1,14:43,UTC,238.6
2018,7,1,14:44,UTC,314.3
2018,7,1,14:45,UTC,275.9
2018,7,1,14:46,UTC,269.6
2018,7,1,14:47,UTC,384.1
2018,7,1,14:48,UTC,421
2018,7,1,14:49,UTC,362
2018,7,1,14:50,UTC,559
2018,7,1,14:51,UTC,490
2018,7,1,14:52,UTC,380.5
2018,7,1,14:53,UTC,223.3
2018,7,1,14:54,UTC,121.1
2018,7,1,14:55,UTC,99
2018,7,1,14:56,UTC,206.7
2018,7,1,14:57,UTC,501.4
2018,7,1,14:58,UTC,831.2
2018,7,1,14:59,UTC,849.5
2018,7,1,15:00,UTC,844.2
2018,7,1,15:01,UTC,837
2018,7,1,15:02,UTC,832.2
2018,7,1,15:03,UTC,829.3
2018,7,1,15:04,UTC,827.9
2018,7,1,15:05,UTC,828
2018,7,1,15:06,UTC,827.2
2018,7,1,15:07,UTC,825
2018,7,1,15:08,UTC,823.1
2018,7,1,15:09,UTC,822.2
2018,7,1,15:10,UTC,823.7
2018,7,1,15:11,UTC,822.5
2018,7,1,15:12,UTC,820.6
2018,7,1,15:13,UTC,820.6
2018,7,1,15:14,UTC,820.4
2018,7,1,15:15,UTC,819
2018,7,1,15:16,UTC,816.6
2018,7,1,15:17,UTC,814.1
2018,7,1,15:18,UTC,812.2
2018,7,1,15:19,UTC,807
2018,7,1,15:20,UTC,791.3
2018,7,1,15:21,UTC,813.2
2018,7,1,15:22,UTC,817.7
2018,7,1,15:23,UTC,636.8
2018,7,1,15:24,UTC,776
2018,7,1,15:25,UTC,799.4
2018,7,1,15:26,UTC,763.4
2018,7,1,15:27,UTC,808.5
2018,7,1,15:28,UTC,807.4
2018,7,1,15:29,UTC,806.3
2018,7,1,15:30,UTC,804.7
2018,7,1,15:31,UTC,803.4
2018,7,1,15:32,UTC,803
2018,7,1,15:33,UTC,801.6
2018,7,1,15:34,UTC,800.4
2018,7,1,15:35,UTC,782.2
2018,7,1,15:36,UTC,772.9
2018,7,1,15:37,UTC,797.2
2018,7,1,15:38,UTC,795.1
2018,7,1,15:39,UTC,794.7
2018,7,1,15:40,UTC,792.9
2018,7,1,15:41,UTC,792.2
2018,7,1,15:42,UTC,790.1
2018,7,1,15:43,UTC,789.2
2018,7,1,15:44,UTC,789.4
2018,7,1,15:45,UTC,787.8
2018,7,1,15:46,UTC,785.5
2018,7,1,15:47,UTC,785.5
2018,7,1,15:48,UTC,784.6
2018,7,1,15:49,UTC,784.3
2018,7,1,15:50,UTC,781.9
2018,7,1,15:51,UTC,782
2018,7,1,15:52,UTC,782.3
2018,7,1,15:53,UTC,780.2
2018,7,1,15:54,UTC,779.3
2018,7,1,15:55,UTC,778.4
2018,7,1,15:56,UTC,777.2
2018,7,1,15:57,UTC,775.4
2018,7,1,15:58,UTC,773.6
2018,7,1,15:59,UTC,773.2
2018,7,1,16:00,UTC,772.2
2018,7,1,16:01,UTC,770.3
2018,7,1,16:02,UTC,767.9
2018,7,1,16:03,UTC,767.2
2018,7,1,16:04,UTC,766.8
2018,7,1,16:05,UTC,765.5
2018,7,1,16:06,UTC,764.8
2018,7,1,16:07,UTC,762.5
2018,7,1,16:08,UTC,760.5
2018,7,1,16:09,UTC,758.7
2018,7,1,16:10,UTC,757.8
2018,7,1,16:11,UTC,756.6
2018,7,1,16:12,UTC,755.6
2018,7,1,16:13,UTC,753.4
2018,7,1,16:14,UTC,752.1
2018,7,1,16:15,UTC,750
2018,7,1,16:16,UTC,748.6
2018,7,1,16:17,UTC,745.6
2018,7,1,16:18,UTC,744.8
2018,7,1,16:19,UTC,743.1
2018,7,1,16:20,UTC,741.6
2018,7,1,16:21,UTC,739.4
2018,7,1,16:22,UTC,738.3
2018,7,1,16:23,UTC,736.2
2018,7,1,16:24,UTC,734.8
2018,7,1,16:25,UTC,733.5
2018,7,1,16:26,UTC,732.6
2018,7,1,16:27,UTC,730.8
2018,7,1,16:28,UTC,729.9
2018,7,1,16:29,UTC,728.8
2018,7,1,16:30,UTC,726.2
2018,7,1,16:31,UTC,724.1
2018,7,1,16:32,UTC,721.3
2018,7,1,16:33,UTC,718.7
2018,7,1,16:34,UTC,716.5
2018,7,1,16:35,UTC,714.8
2018,7,1,16:36,UTC,713.7
2018,7,1,16:37,UTC,710.4
2018,7,1,16:38,UTC,709.1
2018,7,1,16:39,UTC,707.8
2018,7,1,16:40,UTC,705.9
2018,7,1,16:41,UTC,704.4
2018,7,1,16:42,UTC,702.5
2018,7,1,16:43,UTC,701.4
2018,7,1,16:44,UTC,698.4
2018,7,1,16:45,UTC,697.1
2018,7,1,16:46,UTC,695.3
2018,7,1,16:47,UTC,693
2018,7,1,16:48,UTC,690.7
2018,7,1,16:49,UTC,689.2
2018,7,1,16:50,UTC,686.9
2018,7,1,16:51,UTC,685
2018,7,1,16:52,UTC,683
2018,7,1,16:53,UTC,681.6
2018,7,1,16:54,UTC,678.5
2018,7,1,16:55,UTC,676.8
2018,7,1,16:56,UTC,674.4
2018,7,1,16:57,UTC,671.2
2018,7,1,16:58,UTC,668.7
2018,7,1,16:59,UTC,667.1
2018,7,1,17:00,UTC,667.1
2018,7,1,17:01,UTC,669.2
2018,7,1,17:02,UTC,666.6
2018,7,1,17:03,UTC,663.3
2018,7,1,17:04,UTC,660.5
2018,7,1,17:05,UTC,660
2018,7,1,17:06,UTC,656.8
2018,7,1,17:07,UTC,653.1
2018,7,1,17:08,UTC,648.8
2018,7,1,17:09,UTC,646.8
2018,7,1,17:10,UTC,646.1
2018,7,1,17:11,UTC,644.6
2018,7,1,17:12,UTC,643.7
2018,7,1,17:13,UTC,641
2018,7,1,17:14,UTC,639.8
2018,7,1,17:15,UTC,639
2018,7,1,17:16,UTC,637
2018,7,1,17:17,UTC,635.6
2018,7,1,17:18,UTC,634.2
2018,7,1,17:19,UTC,632.1
2018,7,1,17:20,UTC,630
2018,7,1,17:21,UTC,628
2018,7,1,17:22,UTC,625.5
2018,7,1,17:23,UTC,623.7
2018,7,1,17:24,UTC,620.5
2018,7,1,17:25,UTC,617.9
2018,7,1,17:26,UTC,616.4
2018,7,1,17:27,UTC,615.2
2018,7,1,17:28,UTC,611.6
2018,7,1,17:29,UTC,608.8
2018,7,1,17:30,UTC,606.3
2018,7,1,17:31,UTC,602
2018,7,1,17:32,UTC,598.6
2018,7,1,17:33,UTC,596.3
2018,7,1,17:34,UTC,594
2018,7,1,17:35,UTC,592
2018,7,1,17:36,UTC,588.9
2018,7,1,17:37,UTC,586.7
2018,7,1,17:38,UTC,584.8
2018,7,1,17:39,UTC,581.7
2018,7,1,17:40,UTC,580
2018,7,1,17:41,UTC,576.8
2018,7,1,17:42,UTC,423.1
2018,7,1,17:43,UTC,564.8
2018,7,1,17:44,UTC,575.9
2018,7,1,17:45,UTC,572.2
2018,7,1,17:46,UTC,568.3
2018,7,1,17:47,UTC,562.5
2018,7,1,17:48,UTC,508.9
2018,7,1,17:49,UTC,466.4
2018,7,1,17:50,UTC,547.7
2018,7,1,17:51,UTC,556.1
2018,7,1,17:52,UTC,550.4
2018,7,1,17:53,UTC,546.5
2018,7,1,17:54,UTC,541.5
2018,7,1,17:55,UTC,537.9
2018,7,1,17:56,UTC,533.3
2018,7,1,17:57,UTC,529.8
2018,7,1,17:58,UTC,526.1
2018,7,1,17:59,UTC,522.5
2018,7,1,18:00,UTC,519.9
2018,7,1,18:01,UTC,517.3
2018,7,1,18:02,UTC,513.2
2018,7,1,18:03,UTC,510.4
2018,7,1,18:04,UTC,507.2
2018,7,1,18:05,UTC,505.1
2018,7,1,18:06,UTC,501.7
2018,7,1,18:07,UTC,498.6
2018,7,1,18:08,UTC,494.6
2018,7,1,18:09,UTC,491.1
2018,7,1,18:10,UTC,488.3
2018,7,1,18:11,UTC,486
2018,7,1,18:12,UTC,481.1
2018,7,1,18:13,UTC,476.3
2018,7,1,18:14,UTC,472.5
2018,7,1,18:15,UTC,468
2018,7,1,18:16,UTC,464.2
2018,7,1,18:17,UTC,460.4
2018,7,1,18:18,UTC,456.5
2018,7,1,18:19,UTC,451.9
2018,7,1,18:20,UTC,448.7
2018,7,1,18:21,UTC,444.6
2018,7,1,18:22,UTC,439.9
2018,7,1,18:23,UTC,436.4
2018,7,1,18:24,UTC,431.7
2018,7,1,18:25,UTC,425.7
2018,7,1,18:26,UTC,421.6
2018,7,1,18:27,UTC,416.8
2018,7,1,18:28,UTC,414.5
2018,7,1,18:29,UTC,411.4
2018,7,1,18:30,UTC,407.7
2018,7,1,18:31,UTC,404.3
2018,7,1,18:32,UTC,399
2018,7,1,18:33,UTC,394.6
2018,7,1,18:34,UTC,390.8
2018,7,1,18:35,UTC,388.1
2018,7,1,18:36,UTC,384.1
2018,7,1,18:37,UTC,380.8
2018,7,1,18:38,UTC,375.8
2018,7,1,18:39,UTC,371.3
2018,7,1,18:40,UTC,366.9
2018,7,1,18:41,UTC,360
2018,7,1,18:42,UTC,356.1
2018,7,1,18:43,UTC,351.9
2018,7,1,18:44,UTC,348.8
2018,7,1,18:45,UTC,344.9
2018,7,1,18:46,UTC,340.2
2018,7,1,18:47,UTC,335.5
2018,7,1,18:48,UTC,329.3
2018,7,1,18:49,UTC,324.7
2018,7,1,18:50,UTC,319.6
2018,7,1,18:51,UTC,315.5
2018,7,1,18:52,UTC,311.1
2018,7,1,18:53,UTC,306.8
2018,7,1,18:54,UTC,304.2
2018,7,1,18:55,UTC,299.8
2018,7,1,18:56,UTC,294.2
2018,7,1,18:57,UTC,289.6
2018,7,1,18:58,UTC,286.6
2018,7,1,18:59,UTC,284.5
2018,7,1,19:00,UTC,279.5
2018,7,1,19:01,UTC,274.6
2018,7,1,19:02,UTC,268.4
2018,7,1,19:03,UTC,259
2018,7,1,19:04,UTC,255
2018,7,1,19:05,UTC,252.7
2018,7,1,19:06,UTC,248.9
2018,7,1,19:07,UTC,244.2
2018,7,1,19:08,UTC,226
2018,7,1,19:09,UTC,202.6
2018,7,1,19:10,UTC,199.7
2018,7,1,19:11,UTC,198.3
2018,7,1,19:12,UTC,200.4
2018,7,1,19:13,UTC,204.5
2018,7,1,19:14,UTC,201.3
2018,7,1,19:15,UTC,199
2018,7,1,19:16,UTC,193.7
2018,7,1,19:17,UTC,187.9
2018,7,1,19:18,UTC,182.1
2018,7,1,19:19,UTC,175.2
2018,7,1,19:20,UTC,168.6
2018,7,1,19:21,UTC,162.2
2018,7,1,19:22,UTC,157
2018,7,1,19:23,UTC,150.4
2018,7,1,19:24,UTC,145.1
2018,7,1,19:25,UTC,139.7
2018,7,1,19:26,UTC,133.5
2018,7,1,19:27,UTC,127.6
2018,7,1,19:28,UTC,121.9
2018,7,1,19:29,UTC,116
2018,7,1,19:30,UTC,111.4
2018,7,1,19:31,UTC,106.9
2018,7,1,19:32,UTC,101.4
2018,7,1,19:33,UTC,96.2
2018,7,1,19:34,UTC,91.5
2018,7,1,19:35,UTC,85.9
2018,7,1,19:36,UTC,80
2018,7,1,19:37,UTC,73.9
2018,7,1,19:38,UTC,67.9
2018,7,1,19:39,UTC,57.7
2018,7,1,19:40,UTC,46.4
2018,7,1,19:41,UTC,36.6
2018,7,1,19:42,UTC,28.9
2018,7,1,19:43,UTC,20.5
2018,7,1,19:44,UTC,12.2
2018,7,1,19:45,UTC,6
2018,7,1,19:46,UTC,1
2018,7,1,19:47,UTC,0
2018,7,1,19:48,UTC,0
2018,7,1,19:49,UTC,0.2
2018,7,1,19:50,UTC,-0.2
2018,7,1,19:51,UTC,-0.4
2018,7,1,19:52,UTC,-0.7
2018,7,1,19:53,UTC,-0.6
2018,7,1,19:54,UTC,-0.7
2018,7,1,19:55,UTC,-0.5
2018,7,1,19:56,UTC,-0.6
2018,7,1,19:57,UTC,-0.5
2018,7,1,19:58,UTC,-0.6
2018,7,1,19:59,UTC,-0.6
2018,7,1,20:00,UTC,-0.4
2018,7,1,20:01,UTC,-0.4
2018,7,1,20:02,UTC,-0.6
2018,7,1,20:03,UTC,-0.5
2018,7,1,20:04,UTC,-0.5
2018,7,1,20:05,UTC,-0.3
2018,7,1,20:06,UTC,-0.4
2018,7,1,20:07,UTC,-0.6
2018,7,1,20:08,UTC,-0.5
2018,7,1,20:09,UTC,-0.6
2018,7,1,20:10,UTC,-0.7
2018,7,1,20:11,UTC,-0.6
2018,7,1,20:12,UTC,-0.5
2018,7,1,20:13,UTC,-0.5
2018,7,1,20:14,UTC,-0.7
2018,7,1,20:15,UTC,-0.6
2018,7,1,20:16,UTC,-0.7
2018,7,1,20:17,UTC,-0.8
2018,7,1,20:18,UTC,-0.6
2018,7,1,20:19,UTC,-0.6
2018,7,1,20:20,UTC,-0.7
2018,7,1,20:21,UTC,-0.5
2018,7,1,20:22,UTC,-0.4
2018,7,1,20:23,UTC,-0.2
2018,7,1,20:24,UTC,-0.3
2018,7,1,20:25,UTC,-0.2
2018,7,1,20:26,UTC,-0.2
2018,7,1,20:27,UTC,-0.3
2018,7,1,20:28,UTC,-0.3
2018,7,1,20:29,UTC,-0.3
2018,7,1,20:30,UTC,-0.2
2018,7,1,20:31,UTC,-0.3
2018,7,1,20:32,UTC,-0.3
2018,7,1,20:33,UTC,-0.4
2018,7,1,20:34,UTC,-0.3
2018,7,1,20:35,UTC,-0.5
2018,7,1,20:36,UTC,-0.6
2018,7,1,20:37,UTC,-0.5
2018,7,1,20:38,UTC,-0.6
2018,7,1,20:39,UTC,-0.5
2018,7,1,20:40,UTC,-0.6
2018,7,1,20:41,UTC,-0.6
2018,7,1,20:42,UTC,-0.5
2018,7,1,20:43,UTC,-0.7
2018,7,1,20:44,UTC,-0.8
2018,7,1,20:45,UTC,-0.7
2018,7,1,20:46,UTC,-0.6
2018,7,1,20:47,UTC,-0.8
2018,7,1,20:48,UTC,-0.7
2018,7,1,20:49,UTC,-0.7
2018,7,1,20:50,UTC,-0.8
2018,7,1,20:51,UTC,-0.9
2018,7,1,20:52,UTC,-0.8
2018,7,1,20:53,UTC,-0.7
2018,7,1,20:54,UTC,-0.6
2018,7,1,20:55,UTC,-0.8
2018,7,1,20:56,UTC,-0.8
2018,7,1,20:57,UTC,-0.8
2018,7,1,20:58,UTC,-1.1
2018,7,1,20:59,UTC,-1
2018,7,1,21:00,UTC,-0.8
2018,7,1,21:01,UTC,-0.7
2018,7,1,21:02,UTC,-0.8
2018,7,1,21:03,UTC,-0.8
2018,7,1,21:04,UTC,-0.7
2018,7,1,21:05,UTC,-0.7
2018,7,1,21:06,UTC,-0.7
2018,7,1,21:07,UTC,-0.5
2018,7,1,21:08,UTC,-0.4
2018,7,1,21:09,UTC,-0.3
2018,7,1,21:10,UTC,-0.3
2018,7,1,21:11,UTC,-0.4
2018,7,1,21:12,UTC,-0.3
2018,7,1,21:13,UTC,-0.2
2018,7,1,21:14,UTC,-0.4
2018,7,1,21:15,UTC,-0.4
2018,7,1,21:16,UTC,-0.3
2018,7,1,21:17,UTC,-0.3
2018,7,1,21:18,UTC,-0.5
2018,7,1,21:19,UTC,-0.6
2018,7,1,21:20,UTC,-0.5
2018,7,1,21:21,UTC,-0.4
2018,7,1,21:22,UTC,-0.8
2018,7,1,21:23,UTC,-0.9
2018,7,1,21:24,UTC,-0.9
2018,7,1,21:25,UTC,-0.7
2018,7,1,21:26,UTC,-1
2018,7,1,21:27,UTC,-0.9
2018,7,1,21:28,UTC,-0.8
2018,7,1,21:29,UTC,-1
2018,7,1,21:30,UTC,-1
2018,7,1,21:31,UTC,-0.8
2018,7,1,21:32,UTC,-1
2018,7,1,21:33,UTC,-0.9
2018,7,1,21:34,UTC,-0.9
2018,7,1,21:35,UTC,-0.8
2018,7,1,21:36,UTC,-1.1
2018,7,1,21:37,UTC,-1
2018,7,1,21:38,UTC,-1
2018,7,1,21:39,UTC,-1.2
2018,7,1,21:40,UTC,-1.1
2018,7,1,21:41,UTC,-1.1
2018,7,1,21:42,UTC,-1.3
2018,7,1,21:43,UTC,-1.3
2018,7,1,21:44,UTC,-1.3
2018,7,1,21:45,UTC,-1.4
2018,7,1,21:46,UTC,-1.3
2018,7,1,21:47,UTC,-1.2
2018,7,1,21:48,UTC,-1.2
2018,7,1,21:49,UTC,-1.3
2018,7,1,21:50,UTC,-1.3
2018,7,1,21:51,UTC,-1.1
2018,7,1,21:52,UTC,-0.8
2018,7,1,21:53,UTC,-1.1
2018,7,1,21:54,UTC,-1.1
2018,7,1,21:55,UTC,-1
2018,7,1,21:56,UTC,-1
2018,7,1,21:57,UTC,-1.1
2018,7,1,21:58,UTC,-1.2
2018,7,1,21:59,UTC,-1.2
2018,7,1,22:00,UTC,-1.4
2018,7,1,22:01,UTC,-1.3
2018,7,1,22:02,UTC,-1.3
2018,7,1,22:03,UTC,-1.2
2018,7,1,22:04,UTC,-1.2
2018,7,1,22:05,UTC,-1.1
2018,7,1,22:06,UTC,-1.2
2018,7,1,22:07,UTC,-1.2
2018,7,1,22:08,UTC,-1.2
2018,7,1,22:09,UTC,-1.3
2018,7,1,22:10,UTC,-1.2
2018,7,1,22:11,UTC,-1.3
2018,7,1,22:12,UTC,-1.2
2018,7,1,22:13,UTC,-1.1
2018,7,1,22:14,UTC,-1.2
2018,7,1,22:15,UTC,-1.2
2018,7,1,22:16,UTC,-1
2018,7,1,22:17,UTC,-1
2018,7,1,22:18,UTC,-1.1
2018,7,1,22:19,UTC,-1
2018,7,1,22:20,UTC,-1.1
2018,7,1,22:21,UTC,-0.8
2018,7,1,22:22,UTC,-0.6
2018,7,1,22:23,UTC,-0.9
2018,7,1,22:24,UTC,-0.9
2018,7,1,22:25,UTC,-0.7
2018,7,1,22:26,UTC,-0.8
2018,7,1,22:27,UTC,-0.8
2018,7,1,22:28,UTC,-0.7
2018,7,1,22:29,UTC,-0.6
2018,7,1,22:30,UTC,-0.4
2018,7,1,22:31,UTC,-0.5
2018,7,1,22:32,UTC,-0.6
2018,7,1,22:33,UTC,-0.7
2018,7,1,22:34,UTC,-0.7
2018,7,1,22:35,UTC,-0.7
2018,7,1,22:36,UTC,-0.6
2018,7,1,22:37,UTC,-0.6
2018,7,1,22:38,UTC,-0.9
2018,7,1,22:39,UTC,-0.8
2018,7,1,22:40,UTC,-0.8
2018,7,1,22:41,UTC,-0.6
2018,7,1,22:42,UTC,-0.6
2018,7,1,22:43,UTC,-0.8
2018,7,1,22:44,UTC,-0.7
2018,7,1,22:45,UTC,-0.5
2018,7,1,22:46,UTC,-0.5
2018,7,1,22:47,UTC,-0.6
2018,7,1,22:48,UTC,-0.6
2018,7,1,22:49,UTC,-0.5
2018,7,1,22:50,UTC,-0.6
2018,7,1,22:51,UTC,-0.5
2018,7,1,22:52,UTC,-0.7
2018,7,1,22:53,UTC,-0.9
2018,7,1,22:54,UTC,-0.8
2018,7,1,22:55,UTC,-0.8
2018,7,1,22:56,UTC,-0.8
2018,7,1,22:57,UTC,-0.7
2018,7,1,22:58,UTC,-0.7
2018,7,1,22:59,UTC,-0.5
2018,7,1,23:00,UTC,-0.6
2018,7,1,23:01,UTC,-0.7
2018,7,1,23:02,UTC,-0.7
2018,7,1,23:03,UTC,-0.7
2018,7,1,23:04,UTC,-0.7
2018,7,1,23:05,UTC,-0.8
2018,7,1,23:06,UTC,-0.7
2018,7,1,23:07,UTC,-0.7
2018,7,1,23:08,UTC,-0.6
2018,7,1,23:09,UTC,-0.5
2018,7,1,23:10,UTC,-0.6
2018,7,1,23:11,UTC,-0.6
2018,7,1,23:12,UTC,-0.6
2018,7,1,23:13,UTC,-0.6
2018,7,1,23:14,UTC,-0.7
2018,7,1,23:15,UTC,-0.6
2018,7,1,23:16,UTC,-0.5
2018,7,1,23:17,UTC,-0.6
2018,7,1,23:18,UTC,-0.7
2018,7,1,23:19,UTC,-0.8
2018,7,1,23:20,UTC,-0.8
2018,7,1,23:21,UTC,-0.8
2018,7,1,23:22,UTC,-0.7
2018,7,1,23:23,UTC,-0.5
2018,7,1,23:24,UTC,-0.4
2018,7,1,23:25,UTC,-0.6
2018,7,1,23:26,UTC,-0.7
2018,7,1,23:27,UTC,-0.6
2018,7,1,23:28,UTC,-0.6
2018,7,1,23:29,UTC,-0.6
2018,7,1,23:30,UTC,-0.5
2018,7,1,23:31,UTC,-0.6
2018,7,1,23:32,UTC,-0.6
2018,7,1,23:33,UTC,-0.3
2018,7,1,23:34,UTC,-0.3
2018,7,1,23:35,UTC,-0.5
2018,7,1,23:36,UTC,-0.6
2018,7,1,23:37,UTC,-0.2
2018,7,1,23:38,UTC,-0.3
2018,7,1,23:39,UTC,-0.2
2018,7,1,23:40,UTC,-0.3
2018,7,1,23:41,UTC,-0.3
2018,7,1,23:42,UTC,-0.5
2018,7,1,23:43,UTC,-0.5
2018,7,1,23:44,UTC,-0.7
2018,7,1,23:45,UTC,-0.7
2018,7,1,23:46,UTC,-0.9
2018,7,1,23:47,UTC,-1
2018,7,1,23:48,UTC,-0.9
2018,7,1,23:49,UTC,-0.7
2018,7,1,23:50,UTC,-1
2018,7,1,23:51,UTC,-0.8
2018,7,1,23:52,UTC,-0.7
2018,7,1,23:53,UTC,-0.6
2018,7,1,23:54,UTC,-0.5
2018,7,1,23:55,UTC,-0.4
2018,7,1,23:56,UTC,-0.5
2018,7,1,23:57,UTC,-0.4
2018,7,1,23:58,UTC,-0.2
2018,7,1,23:59,UTC,-0.1
2018,7,2,00:00,UTC,-0.2